"time","x1","x2","der(x1)","der(x2)","u","y"
0,1,0,0,-8.254830360965466,0,1
0.1,0.9589194504054994,-0.8178204163534582,-0.8178204163534582,-8.025185193832023,0.004999979166692709,0.9589194504054994
0.2,0.8380108277717824,-1.588013504584671,-1.588013504584671,-7.281910007593349,0.009999833334166666,0.8380108277717824
0.3,0.6448343489642523,-2.252239694090622,-2.252239694090622,-5.881458596987521,0.01499943750632809,0.6448343489642523
0.4,0.3934671564917412,-2.739388178070197,-2.739388178070197,-3.741085956948521,0.01999866669333308,0.3934671564917412
0.5,0.1051957783172791,-2.980288717645666,-2.980288717645666,-1.00507091836973,0.02499739591471233,0.1051957783172791
0.6,-0.1929706147061092,-2.934279522334796,-2.934279522334796,1.911310345730713,0.02999550020249566,-0.1929706147061092
0.7,-0.4723059960813025,-2.609224542078007,-2.609224542078007,4.497964382430194,0.03499285460433619,-0.4723059960813025
0.8,-0.7072330985174429,-2.057384728272738,-2.057384728272738,6.413869730306342,0.03998933418663417,-0.7072330985174429
0.9,-0.8786402477436445,-1.351072511955678,-1.351072511955678,7.597427161643355,0.04498481403766024,-0.8786402477436445
1,-0.9745846803751808,-0.5583536674050467,-0.5583536674050467,8.167447633092746,0.04997916927067833,-0.9745846803751808
1.1,-0.9892540055609446,0.266376955905295,0.266376955905295,8.25236941826895,0.05497227502706774,-0.9892540055609446
1.2,-0.9217788712603792,1.076874292597716,1.076874292597716,7.875375546897287,0.0599640064794446,-0.9217788712603792
1.3,-0.7760160115905922,1.822776022093703,1.822776022093703,6.936286080967856,0.0649542388347826,-0.7760160115905922
1.4,-0.5614817268847493,2.440534178021178,2.440534178021178,5.293189204726199,0.06994284733753275,-0.5614817268847493
1.5,-0.2946327493754569,2.85688068802005,2.85688068802005,2.923640346255296,0.07492970727274236,-0.2946327493754569
1.6,0.001037635406069091,3.008818766487928,3.008818766487928,0.06973549246227122,0.07991469396917271,0.001037635406069091
1.7,0.2974001922488474,2.870633244752772,2.870633244752772,-2.789780763883048,0.08489768280241603,0.2974001922488474
1.8,0.5662726032937319,2.467027861148315,2.467027861148315,-5.173090395184311,0.08987854919801105,0.5662726032937319
1.9,0.7840298249421989,1.860475078432563,1.860475078432563,-6.832362086445979,0.0948571686345573,0.7840298249421989
2,0.9340554523654209,1.12416005905804,1.12416005905804,-7.787777690608107,0.09983341664682816,0.9340554523654209
2.1,1.006666469566003,0.3214685057784965,0.3214685057784965,-8.185174227363488,0.1048071688288825,1.006666469566003
2.2,0.9977944801068724,-0.4980501734968434,-0.4980501734968434,-8.13334193073683,0.1097783008371748,0.9977944801068724
2.3,0.9079700477720331,-1.289889953026966,-1.289889953026966,-7.618047019513671,0.1147466883936638,0.9079700477720331
2.4,0.7424558937252342,-2.002014669787946,-2.002014669787946,-6.512823658657069,0.1197122072889194,0.7424558937252342
2.5,0.5124224164129939,-2.568185645879062,-2.568185645879062,-4.68506980461441,0.1246747333852277,0.5124224164129939
2.6,0.2361275695079108,-2.915622438033959,-2.915622438033959,-2.165311516348161,0.1296341426196949,0.2361275695079108
2.7,-0.0614917583776595,-2.988234920088055,-2.988234920088055,0.7374443707442396,0.1345903110073483,-0.0614917583776595
2.8,-0.3518392399340659,-2.77220716256923,-2.77220716256923,3.520313955665355,0.1395431146442365,-0.3518392399340659
2.9,-0.6074617494816024,-2.303139100766357,-2.303139100766357,5.743894701357727,0.1444924297105264,-0.6074617494816024
3,-0.8062713291925927,-1.648317910833345,-1.648317910833345,7.229425326018712,0.1494381324735992,-0.8062713291925927
3.1,-0.933354206867593,-0.8799084696433511,-0.8799084696433511,8.037899034668003,0.1543800992911434,-0.933354206867593
3.2,-0.9805024610550397,-0.05855431004442815,-0.05855431004442815,8.309242026336916,0.159318206614246,-0.9805024610550397
3.3,-0.9449405408713629,0.7665715218056564,0.7665715218056564,8.114885577056914,0.164252330990481,-0.9449405408713629
3.4,-0.828659942076144,1.547159563432623,1.547159563432623,7.39941070717692,0.169182349066996,-0.828659942076144
3.5,-0.6389367766173608,2.224411880564682,2.224411880564682,6.024226071263761,0.174108137593596,-0.6389367766173608
3.6,-0.3896010415438775,2.726944033047373,2.726944033047373,3.905057736209482,0.1790295734258242,-0.3896010415438775
3.7,-0.1017321998136326,2.984894694158137,2.984894694158137,1.180218859627796,0.1839465335280413,-0.1017321998136326
3.8,0.1977718668196302,2.956386814962243,2.956386814962243,-1.738660137976446,0.1888588949765006,0.1977718668196302
3.9,0.4801634062038881,2.648029255473963,2.648029255473963,-4.337708982655471,0.1937665349624219,0.4801634062038881
4,0.7197482269927129,2.111484310556272,2.111484310556272,-6.268037216385483,0.1986693307950612,0.7197482269927129
4.1,0.8972729788600796,1.419115435319337,1.419115435319337,-7.464211912984418,0.203567159904778,0.8972729788600796
4.2,1.000664895918139,0.6390035527430247,0.6390035527430247,-8.049892827650657,0.2084598998460996,1.000664895918139
4.3,1.023944484859748,-0.1753373605048383,-0.1753373605048383,-8.166019037500636,0.2133474283007823,1.023944484859748
4.4,0.9659170876435727,-0.9799919038907505,-0.9799919038907505,-7.85118968777109,0.2182296230808694,0.9659170876435727
4.5,0.829809324172348,-1.728269986452701,-1.728269986452701,-7.014737881600298,0.2231063621317455,0.829809324172348
4.6,0.6241188024996721,-2.360395962045274,-2.360395962045274,-5.504814087223591,0.2279775235351884,0.6241188024996721
4.7,0.3640037839935271,-2.804431628747593,-2.804431628747593,-3.259698778694357,0.2328429855124168,0.3640037839935271
4.8,0.0717614135289301,-2.993714310650367,-2.993714310650367,-0.4656727819499911,0.2377026264271346,0.0717614135289301
4.9,-0.2250485766484516,-2.894049231501401,-2.894049231501401,2.43169426010121,0.2425563247885721,-0.2250485766484516
5,-0.4978814617441813,-2.520849357901822,-2.520849357901822,4.93231927645077,0.2474039592545229,-0.4978814617441813
5.1,-0.7219850382659895,-1.931170535158451,-1.931170535158451,6.735436369187301,0.2522454086343781,-0.7219850382659895
5.2,-0.879344888697703,-1.198092225295897,-1.198092225295897,7.813932589490436,0.2570805518921551,-0.879344888697703
5.3,-0.9590640853391493,-0.3883410570708262,-0.3883410570708262,8.292909362183965,0.2619092681495244,-0.9590640853391493
5.4,-0.9562572606037648,0.4442969158367248,0.4442969158367248,8.281886967872117,0.2667314366888312,-0.9562572606037648
5.5,-0.871038556572711,1.251685011019468,1.251685011019468,7.77617941189679,0.2715469369561129,-0.871038556572711
5.6,-0.7085657978513434,1.979209037102463,1.979209037102463,6.660168579501409,0.2763556485641137,-0.7085657978513434
5.7,-0.4801081913963515,2.559132632200986,2.559132632200986,4.812152555643273,0.2811574512952941,-0.4801081913963515
5.8,-0.2041165016978399,2.918311335854155,2.918311335854155,2.274459648059694,0.2859522251048355,-0.2041165016978399
5.9,0.09430251358677828,3.001459247333639,3.001459247333639,-0.6329972595224537,0.2907398501236428,0.09430251358677828
6,0.3865096426463537,2.796401078232137,2.796401078232137,-3.402436230236573,0.2955202066613396,0.3865096426463537
6.1,0.6451823295807144,2.340403888353521,2.340403888353521,-5.598892720917547,0.3002931752092615,0.6451823295807144
6.2,0.8484938980087071,1.701583966612495,1.701583966612495,-7.055242623821627,0.3050586364434436,0.8484938980087071
6.3,0.9818100938298363,0.9515876950265299,0.9515876950265299,-7.847240441796012,0.3098164712276029,0.9818100938298363
6.4,1.037074180265573,0.1489887510214284,0.1489887510214284,-8.131053036587455,0.3145665606161178,1.037074180265573
6.5,1.011371468333421,-0.6607940666633191,-0.6607940666633191,-7.995259504430249,0.319308785857001,1.011371468333421
6.6,0.9060963822577169,-1.434788161337387,-1.434788161337387,-7.39742662693838,0.3240430283948684,0.9060963822577169
6.7,0.7273520773786936,-2.120077757084956,-2.120077757084956,-6.193842297201204,0.3287691698739031,0.7273520773786936
6.8,0.4872860783253866,-2.648991446513747,-2.648991446513747,-4.259845045234982,0.3334870921408144,0.4872860783253866
6.9,0.2051890095487276,-2.949525770893385,-2.949525770893385,-1.660612484628744,0.3381966772477913,0.2051890095487276
7,-0.09324147137281316,-2.97031645607214,-2.97031645607214,1.256271823310925,0.3428978074554514,-0.09324147137281316
7.1,-0.3792749323870924,-2.704845462067891,-2.704845462067891,3.979713703252416,0.3475903652357843,-0.3792749323870924
7.2,-0.6260262422106491,-2.194805901830189,-2.194805901830189,6.100239776258673,0.35227423327509,-0.6260262422106491
7.3,-0.8124036753144006,-1.509802246596728,-1.509802246596728,7.478444344396729,0.3569492944769114,-0.8124036753144006
7.4,-0.9245514427466356,-0.7212764237325521,-0.7212764237325521,8.193436050036604,0.361615431964962,-0.9245514427466356
7.5,-0.955205024922017,0.1112264293558948,0.1112264293558948,8.375471895849424,0.3662725290860476,-0.955205024922017
7.6,-0.9025039173045846,0.9377394885504029,0.9377394885504029,8.070602219906858,0.3709204694129827,-0.9025039173045846
7.7,-0.7695638938249381,1.706619575550981,1.706619575550981,7.201573811812903,0.3755591367475012,-0.7695638938249381
7.8,-0.5651937962796502,2.354673534406421,2.354673534406421,5.63422315399162,0.3801884151231614,-0.5651937962796502
7.9,-0.3051053390986548,2.808656887113526,2.808656887113526,3.331669904345594,0.384808188808245,-0.3051053390986548
8,-0.01214579937841017,3.003343763016395,3.003343763016395,0.5085657047151641,0.3894183423086505,-0.01214579937841017
8.1,0.2858495463878074,2.908406718685623,2.908406718685623,-2.372132708812019,0.3940187603707804,0.2858495463878074
8.199999999999999,0.5604972882135874,2.543734710795052,2.543734710795052,-4.81645987623811,0.3986093279844229,0.5604972882135874
8.300000000000001,0.787586608159416,1.969189479727568,1.969189479727568,-6.548691593095471,0.4031899303856267,0.787586608159416
8.4,0.9497874394365683,1.257842360387346,1.257842360387346,-7.570632531961911,0.4077604530595702,0.9497874394365683
8.5,1.03674829111279,0.4737286868522887,0.4737286868522887,-8.031671934936057,0.4123207817434248,1.03674829111279
8.6,1.043746121845739,-0.3342734335114173,-0.3342734335114173,-8.061858579398962,0.4168708024292108,1.043746121845739
8.699999999999999,0.9704685421484525,-1.124837773977372,-1.124837773977372,-7.6733159000526,0.421410401366648,0.9704685421484525
8.800000000000001,0.820898902210039,-1.851258329529034,-1.851258329529034,-6.752614209929134,0.4259394650659997,0.820898902210039
8.9,0.604380911338836,-2.452306593268812,-2.452306593268812,-5.14410174998065,0.4304578803009089,0.604380911338836
9,0.3370390667945231,-2.855547965122934,-2.855547965122934,-2.809144575396574,0.4349655341112302,0.3370390667945231
9.1,0.04203522415333085,-2.997115966984238,-2.997115966984238,0.02721819304308898,0.4394623138058533,0.04203522415333085
9.199999999999999,-0.2526679950525054,-2.848988018433941,-2.848988018433941,2.896331654422685,0.4439481069655197,-0.2526679950525054
9.300000000000001,-0.5187956182817943,-2.433223315649341,-2.433223315649341,5.312560150639734,0.4484228014456345,-0.5187956182817943
9.4,-0.7324067269785108,-1.810675231651389,-1.810675231651389,7.012452002512623,0.4528862853790683,-0.7324067269785108
9.5,-0.876495527284085,-1.054743372735183,-1.054743372735183,7.996335923778544,0.4573384471789555,-0.876495527284085
9.6,-0.9411106827120377,-0.231019167769496,-0.231019167769496,8.390345463584861,0.4617791755414829,-0.9411106827120377
9.699999999999999,-0.9222336078049233,0.6068040001776952,0.6068040001776952,8.284315316780589,0.4662083594486727,-0.9222336078049233
9.800000000000001,-0.8209494204149086,1.408338784252021,1.408338784252021,7.649517325792658,0.4706258881711581,-0.8209494204149086
9.9,-0.6437141490088558,2.114950376555959,2.114950376555959,6.362703457298718,0.4750316512709509,-0.6437141490088558
10,-0.4034811599926386,2.655817837670946,2.655817837670946,4.331050663984662,0.479425538604203,-0.4034811599926386
10.1,-0.1204809486313632,2.959601975555755,2.959601975555755,1.66286823427902,0.4838074403239602,-0.1204809486313632
10.2,0.1789309589680422,2.979805670674743,2.979805670674743,-1.257784010204892,0.4881772468829075,0.1789309589680422
10.3,0.4659905705929462,2.716990285355044,2.716990285355044,-3.915176382340358,0.4925348490361087,0.4659905705929462
10.4,0.7144465286239925,2.218517809204659,2.218517809204659,-5.930625915387493,0.4968801378437368,0.7144465286239925
10.5,0.9042200556594143,1.555687937442544,1.555687937442544,-7.208889350122049,0.5012130046737979,0.9042200556594143
10.6,1.022423887174398,0.7974827711705365,0.7974827711705365,-7.866066555861197,0.5055333412048469,1.022423887174398
10.7,1.062349589713503,-0.002169322486522741,-0.002169322486522741,-8.05921085489654,0.5098410394286959,1.062349589713503
10.8,1.022007985132036,-0.8012866114704621,-0.8012866114704621,-7.855336282011665,0.5141359916531132,1.022007985132036
10.9,0.903495517017975,-1.557876803597438,-1.557876803597438,-7.187287543963366,0.518418090504517,0.903495517017975
11,0.7136285117880716,-2.218024133842828,-2.218024133842828,-5.898754332681234,0.5226872289306592,0.7136285117880716
11.1,0.4653952594061727,-2.712892933017861,-2.712892933017861,-3.875549826708114,0.5269433002033014,0.4653952594061727
11.2,0.178950745196971,-2.971540906460164,-2.971540906460164,-1.214966062784967,0.5311861979208834,0.178950745196971
11.3,-0.1194213049605431,-2.947095842075473,-2.947095842075473,1.704156200212984,0.5354158160111834,-0.1194213049605431
11.4,-0.4009700240192508,-2.639364394619022,-2.639364394619022,4.368588945237375,0.5396320487339693,-0.4009700240192508
11.5,-0.6393752715192362,-2.094903308488821,-2.094903308488821,6.397405214376377,0.5438347906836426,-0.6393752715192362
11.6,-0.8144345681936794,-1.384884935964228,-1.384884935964228,7.683206484238877,0.5480239367918736,-0.8144345681936794
11.7,-0.9132066098835008,-0.5800370583255252,-0.5800370583255252,8.316497720742584,0.5521993823302276,-0.9132066098835008
11.8,-0.9292541451234804,0.2607369250921972,0.2607369250921972,8.415876202642746,0.5563610229127839,-0.9292541451234804
11.9,-0.8615627397412369,1.086272042979662,1.086272042979662,8.004937391917581,0.5605087544987443,-0.8615627397412369
12,-0.7143223862029486,1.841679003274386,1.841679003274386,6.991228454729008,0.5646424733950355,-0.7143223862029486
12.1,-0.4977791865343555,2.460210111299842,2.460210111299842,5.252795855909694,0.5687620762589001,-0.4977791865343555
12.2,-0.2293131128288711,2.868193649682221,2.868193649682221,2.802765521144881,0.5728674601004813,-0.2293131128288711
12.3,0.06681133357375571,3.006135337638503,3.006135337638503,-0.07797316385744058,0.5769585222853969,0.06681133357375571
12.4,0.3622102969587869,2.854758797438592,2.854758797438592,-2.895059672991486,0.5810351605373052,0.3622102969587869
12.5,0.6291077047798168,2.444931678880468,2.444931678880468,-5.187337501607091,0.5850972729404622,0.6291077047798168
12.6,0.8447543655790775,1.842031944807087,1.842031944807087,-6.746852255354096,0.5891447579422695,0.8447543655790775
12.7,0.9935033402706827,1.118328200812074,1.118328200812074,-7.627044213461859,0.5931775143558129,0.9935033402706827
12.8,1.066409642377543,0.3337622213874226,0.3337622213874226,-7.991175426199239,0.5971954413623921,1.066409642377543
12.9,1.059731756643431,-0.4667272251032702,-0.4667272251032702,-7.95532208450838,0.6011984385140411,1.059731756643431
13,0.9738378971862669,-1.243738088370272,-1.243738088370272,-7.508166191734614,0.6051864057360396,0.9738378971862669
13.1,0.813312848787261,-1.950316391645658,-1.950316391645658,-6.51846694801281,0.6091592433294149,0.813312848787261
13.2,0.5881910663162834,-2.523986068399369,-2.523986068399369,-4.830030287375243,0.6131168519734338,0.5881910663162834
13.3,0.3153778007301151,-2.892131160994016,-2.892131160994016,-2.42576409848998,0.6170591327280867,0.3153778007301151
13.4,0.01870036951291231,-2.993550864163216,-2.993550864163216,0.4375460541586528,0.6209859870365597,0.01870036951291231
13.5,-0.2736228495205652,-2.805473227287452,-2.805473227287452,3.275768029897588,0.6248973167276999,-0.2736228495205652
13.6,-0.5336122128306641,-2.355206136826354,-2.355206136826354,5.618616945804159,0.6287930240184686,-0.5336122128306641
13.7,-0.7380339534898727,-1.706332099569553,-1.706332099569553,7.23318186835903,0.6326730115163863,-0.7380339534898727
13.8,-0.8707188683225107,-0.9323061820512919,-0.9323061820512919,8.139149496817712,0.636537182221968,-0.8707188683225107
13.9,-0.9224973178141555,-0.0979349970919705,-0.0979349970919705,8.460054777672843,0.640385439531147,-0.9224973178141555
14,-0.8900972232435447,0.7427498887544035,0.7427498887544035,8.267891802473406,0.6442176872376911,-0.8900972232435447
14.1,-0.7754811120463511,1.537074091764646,1.537074091764646,7.515619593638985,0.6480338295356073,-0.7754811120463511
14.2,-0.5862809630086516,2.223012676294029,2.223012676294029,6.079381896561977,0.6518337710215366,-0.5862809630086516
14.3,-0.3369174555427987,2.727863228800702,2.727863228800702,3.898601616806559,0.6556174166971404,-0.3369174555427987
14.4,-0.04906139931105526,2.983159677956238,2.983159677956238,1.140483942333685,0.6593846719714732,-0.04906139931105526
14.5,0.2500728917567264,2.950958419417171,2.950958419417171,-1.764590229572145,0.6631354426633498,0.2500728917567264
14.6,0.5318709452179398,2.642518893555981,2.642518893555981,-4.308239690475776,0.6668696350036979,0.5318709452179398
14.7,0.7711707107364456,2.112498718655773,2.112498718655773,-6.166739822363475,0.6705871556379037,0.7711707107364456
14.8,0.9494138894440078,1.433490259464335,1.433490259464335,-7.301972290771754,0.6742879116281452,0.9494138894440078
14.9,1.055121624673721,0.671470034510615,0.671470034510615,-7.856337848930876,0.6779718104557149,1.055121624673721
15,1.082618093198014,-0.1236300642242263,-0.1236300642242263,-7.982443018840346,0.6816387600233341,1.082618093198014
15.1,1.030601306548138,-0.9124895026354771,-0.9124895026354771,-7.727849716957895,0.685288668657455,1.030601306548138
15.2,0.9016917325410672,-1.653718985839626,-1.653718985839626,-7.005820711672812,0.6889214451105513,0.9016917325410672
15.3,0.7032528427418723,-2.292521825988959,-2.292521825988959,-5.651611445917323,0.6925369985634013,0.7032528427418723
15.4,0.4489211069622974,-2.759239918886058,-2.759239918886058,-3.561343890695626,0.6961352386273567,0.4489211069622974
15.5,0.1594994657672994,-2.984021775917492,-2.984021775917492,-0.858347812251706,0.6997160753466035,0.1594994657672994
15.6,-0.1383240024933405,-2.923725280869078,-2.923725280869078,2.055914787365346,0.7032794192004102,-0.1383240024933405
15.7,-0.4158458040969709,-2.58304761044842,-2.58304761044842,4.669710012100763,0.706825181105366,-0.4158458040969709
15.8,-0.6472314239979558,-2.012050882821928,-2.012050882821928,6.625587765710141,0.7103532724176078,-0.6472314239979558
15.9,-0.8129877981029053,-1.282881366056986,-1.282881366056986,7.839298446866733,0.7138636049350369,-0.8129877981029053
16,-0.9008895974231483,-0.4657217656656966,-0.4657217656656966,8.407214792522051,0.7173560908995228,-0.9008895974231483
16.1,-0.905163244089209,0.3807392722964793,0.3807392722964793,8.436650487115946,0.7208306429990986,-0.905163244089209
16.2,-0.8255090071298978,1.2039933517446,1.2039933517446,7.933588263751038,0.7242871743701426,-0.8255090071298978
16.3,-0.6670461468816552,1.94635299111255,1.94635299111255,6.796858553080721,0.7277255985995506,-0.6670461468816552
16.4,-0.4412378506645374,2.538526986409554,2.538526986409554,4.920595462401456,0.7311458297268958,-0.4412378506645374
16.5,-0.1668036731156758,2.907436797884689,2.907436797884689,2.363314237997733,0.7345477822465786,-0.1668036731156758
16.6,0.1309639843586295,2.99932285750856,2.99932285750856,-0.5431558656901218,0.7379313711099628,0.1309639843586295
16.7,0.4234370188627625,2.804241894714221,2.804241894714221,-3.289596606599425,0.741296511727503,0.4234370188627625
16.8,0.6835146093719166,2.36125618167748,2.36125618167748,-5.450587692029473,0.7446431199708594,0.6835146093719166
16.9,0.8897125140497568,1.739022485604612,1.739022485604612,-6.873327324877264,0.7479711121749998,0.8897125140497568
17,1.027721184900572,1.008302762828675,1.008302762828675,-7.647291985992974,0.7512804051402927,1.027721184900572
17.1,1.089653465846627,0.2254655883696864,0.2254655883696864,-7.941666373378785,0.7545709161345863,1.089653465846627
17.2,1.072477229256071,-0.5676253358367238,-0.5676253358367238,-7.859135764172692,0.757842562895277,1.072477229256071
17.3,0.9770432679353932,-1.3329438759565,-1.3329438759565,-7.369891611437479,0.7610952636313663,0.9770432679353932
17.4,0.8083683248336553,-2.023269769177254,-2.023269769177254,-6.329882172471558,0.7643289370255051,0.8083683248336553
17.5,0.5769893002028307,-2.575212027657641,-2.575212027657641,-4.583842094540734,0.7675435022360271,0.5769893002028307
17.6,0.3003728738257988,-2.916166250411453,-2.916166250411453,-2.13180866475467,0.7707388788989694,0.3003728738257988
17.7,0.002803761816411244,-2.987097501769096,-2.987097501769096,0.7464101197474491,0.7739149871300817,0.002803761816411244
17.8,-0.2873586216714123,-2.769167860559985,-2.769167860559985,3.557423378955004,0.777071747526824,-0.2873586216714123
17.9,-0.5423952683595898,-2.293400733852486,-2.293400733852486,5.844022752054032,0.7802090811703504,-0.5423952683595898
18,-0.739615553825872,-1.62516713246706,-1.62516713246706,7.395305761088004,0.7833269096274834,-0.739615553825872
18.1,-0.8634728605966089,-0.8378877462155051,-0.8378877462155051,8.243043556963908,0.7864251549526741,-0.8634728605966089
18.2,-0.9053835078552729,0.004052097768259648,0.004052097768259648,8.506657806514976,0.7895037396899505,-0.9053835078552729
18.3,-0.8626606452186513,0.846047287973727,0.846047287973727,8.244001018915789,0.7925625868748546,-0.8626606452186513
18.4,-0.7379825657090555,1.633415020250299,1.633415020250299,7.395737528154484,0.795601620036366,-0.7379825657090555
18.5,-0.539938567040078,2.301577776864525,2.301577776864525,5.841777927369054,0.7986207631988143,-0.539938567040078
18.6,-0.2841014084580328,2.776928638054601,2.776928638054601,3.551313832558204,0.8016199408837772,-0.2841014084580328
18.7,0.00680133743384739,2.99409832895655,2.99409832895655,0.7378784722844557,0.8045990781119691,0.00680133743384739
18.8,0.3050283274462055,2.922355481880532,2.922355481880532,-2.138583013888962,0.8075581004051143,0.3050283274462055
18.9,0.5822386647741444,2.581019336201866,2.581019336201866,-4.583974207673521,0.8104969337878096,0.5822386647741444
19,0.8142130889375303,2.029539143195833,2.029539143195833,-6.320275779733338,0.8134155047893737,0.8142130889375303
19.1,0.9835800990026552,1.340682888517458,1.340682888517458,-7.350376272131764,0.8163137404456835,0.9835800990026552
19.2,1.079899406482004,0.5777131464573985,0.5777131464573985,-7.832349356073094,0.8191915683009983,1.079899406482004
19.3,1.098224681100694,-0.2125404313951547,-0.2125404313951547,-7.912781737548301,0.8220489164097719,1.098224681100694
19.4,1.037723830188481,-0.9926945125188625,-0.9926945125188625,-7.623974343339771,0.8248857133384501,1.037723830188481
19.5,0.9013714905214952,-1.721756311297398,-1.721756311297398,-6.865091206178833,0.8277018881672577,0.9013714905214952
19.6,0.6969044107836485,-2.344298074321691,-2.344298074321691,-5.46602137706097,0.8304973704919705,0.6969044107836485
19.7,0.4384007935484732,-2.790149338556084,-2.790149338556084,-3.330994785914199,0.8332720904256761,0.4384007935484732
19.8,0.1470952450419066,-2.990350200581293,-2.990350200581293,-0.6017802851315809,0.8360259786005205,0.1470952450419066
19.9,-0.1500750271071236,-2.904450431449047,-2.904450431449047,2.305474792864166,0.838758966169443,-0.1500750271071236
20,-0.4244742051460448,-2.540502514954159,-2.540502514954159,4.881638113730342,0.8414709848078965,-0.4244742051460448
20.1,-0.6506294663682272,-1.950851874835826,-1.950851874835826,6.785955299742056,0.8441619667155564,-0.6506294663682272
20.2,-0.8095503823865985,-1.208215693733963,-1.208215693733963,7.94904710272931,0.8468318446180152,-0.8095503823865985
20.3,-0.8895160582100397,-0.3824520300939847,-0.3824520300939847,8.469565388403721,0.8494805517684644,-0.8895160582100397
20.4,-0.8852348584994221,0.4676814356957075,0.4676814356957075,8.445672911167415,0.852108021949363,-0.8852348584994221
20.5,-0.79695103358633,1.288452730015076,1.288452730015076,7.871106014768712,0.8547141894740935,-0.79695103358633
20.6,-0.6305026504169686,2.020039758588672,2.020039758588672,6.640792718436985,0.8572989891886034,-0.6305026504169686
20.7,-0.3982758520956802,2.591531474355234,2.591531474355234,4.664471898919312,0.8598623564730346,-0.3982758520956802
20.8,-0.1199601022529594,2.930872808616284,2.930872808616284,2.03639239759219,0.8624042272433384,-0.1199601022529594
20.9,0.1784747990061821,2.989122262475207,2.989122262475207,-0.8766330528010463,0.8649245379528779,0.1784747990061821
21,0.4683393230257069,2.763319440308443,2.763319440308443,-3.560860360392725,0.867423225594017,0.4683393230257069
21.1,0.7231277980301599,2.298077239863102,2.298077239863102,-5.621699905840098,0.8699002276996942,0.7231277980301599
21.2,0.9223229965461325,1.663789021236846,1.663789021236846,-6.946281129962451,0.8723554823449863,0.9223229965461325
21.3,1.052577509136367,0.9296707827833711,0.9296707827833711,-7.647185899988758,0.8747889281486549,1.052577509136367
21.4,1.106733830336174,0.1493460713471661,0.1493460713471661,-7.895309304428328,0.8772005042746817,1.106733830336174
21.5,1.082231630886376,-0.637527861115751,-0.637527861115751,-7.782712843767023,0.879590150433789,1.082231630886376
21.6,0.9802335521136897,-1.393876835039697,-1.393876835039697,-7.26649739554026,0.8819578068849475,0.9802335521136897
21.7,0.8060333784910144,-2.072300626222153,-2.072300626222153,-6.194067792125162,0.8843034144368691,0.8060333784910144
21.8,0.5704914111267045,-2.608822692638563,-2.608822692638563,-4.4112214326437,0.8866269144494873,0.5704914111267045
21.9,0.2914323104335321,-2.930913115279454,-2.930913115279454,-1.929724448890842,0.8889282488354225,0.2914323104335321
22,-0.006577550866473875,-2.981044464960608,-2.981044464960608,0.9557326687868166,0.8912073600614354,-0.006577550866473875
22.1,-0.295110954789119,-2.742979249604723,-2.742979249604723,3.746663550365365,0.8934641911498636,-0.295110954789119
22.2,-0.5466414773551502,-2.250106348876712,-2.250106348876712,5.995143318935226,0.8956986856800476,-0.5466414773551502
22.3,-0.738847416406213,-1.568877745946401,-1.568877745946401,7.504321059451063,0.8979107877897407,-0.738847416406213
22.4,-0.8565974076082457,-0.772685355513392,-0.772685355513392,8.312714997965797,0.900100442176505,-0.8565974076082457
22.5,-0.891704697355215,0.07424516468501524,0.07424516468501524,8.535856064279258,0.9022675940990952,-0.891704697355215
22.6,-0.8418957246691898,0.9167214824354054,0.9167214824354054,8.221760908257036,0.904412189378826,-0.8418957246691898
22.7,-0.7103696906681534,1.698536597755632,1.698536597755632,7.303773355906056,0.906534174400927,-0.7103696906681534
22.8,-0.5064092368438777,2.353396348774895,2.353396348774895,5.666878717684521,0.9086334961158833,-0.5064092368438777
22.9,-0.2463967497933364,2.807390608393567,2.807390608393567,3.303478256472643,0.9107101020407613,-0.2463967497933364
23,0.04623877647013092,2.997774778332716,2.997774778332716,0.4593231613129644,0.9127639402605211,0.04623877647013092
23.1,0.3434637467916983,2.899117103337602,2.899117103337602,-2.388727921832861,0.9147949594293141,0.3434637467916983
23.2,0.6172088626935597,2.536185495657745,2.536185495657745,-4.760844790055173,0.9168031087717669,0.6172088626935597
23.3,0.8439589419626319,1.971312074543071,1.971312074543071,-6.412025756193485,0.9187883380842506,0.8439589419626319
23.4,1.007170863278883,1.276980835053949,1.276980835053949,-7.371875398622088,0.9207505977361357,1.007170863278883
23.5,1.097099880432679,0.514386369668127,0.514386369668127,-7.807112727269848,0.9226898386710331,1.097099880432679
23.6,1.109271827078561,-0.2718076639576739,-0.2718076639576739,-7.859019380288396,0.9246060124080204,1.109271827078561
23.7,1.043149017586599,-1.045520406141827,-1.045520406141827,-7.549282512078851,0.926499071042854,1.043149017586599
23.8,0.9019232917824384,-1.76602223501505,-1.76602223501505,-6.767782017750283,0.9283689672491667,0.9019232917824384
23.9,0.6935604683260532,-2.377485525700733,-2.377485525700733,-5.341112696978267,0.9302156542796507,0.6935604683260532
24,0.4324100968498304,-2.80944041808457,-2.80944041808457,-3.178942310745423,0.9320390859672264,0.4324100968498304
24.1,0.139968070663211,-2.993536436575542,-2.993536436575542,-0.4347685750542597,0.9338392167261965,0.139968070663211
24.2,-0.1566865857184782,-2.891054080075456,-2.891054080075456,2.466429665651518,0.9356160015533859,-0.1566865857184782
24.3,-0.4289766556022658,-2.512134842416372,-2.512134842416372,5.017744713194965,0.9373693960292665,-0.4289766556022658
24.4,-0.6516685252758732,-1.910505052749862,-1.910505052749862,6.889000211547245,0.9390993563190676,-0.6516685252758732
24.5,-0.8060947427537505,-1.15921000155018,-1.15921000155018,8.019593825243847,0.9408058391738722,-0.8060947427537505
24.6,-0.8808589408109345,-0.3279479213861761,-0.3279479213861761,8.50880318304689,0.9424888019316976,-0.8808589408109345
24.7,-0.8709880854400702,0.5243650256555261,0.5243650256555261,8.448461793412216,0.9441482025185626,-0.8709880854400702
24.8,-0.7770976208542431,1.343082364819738,1.343082364819738,7.824684700056707,0.9457839994495391,-0.7770976208542431
24.9,-0.6055190715075204,2.066956025386975,2.066956025386975,6.53113962400792,0.9473961518297888,-0.6055190715075204
25,-0.3692608816823356,2.624150388688153,2.624150388688153,4.489670965419126,0.9489846193555862,-0.3692608816823356
25.1,-0.08864283816490468,2.943582588563597,2.943582588563597,1.818997248743494,0.9505493623153261,-0.08864283816490468
25.2,0.2099581369029852,2.97975974038685,2.97975974038685,-1.092499619323812,0.9520903415905158,0.2099581369029852
25.3,0.4978678372170742,2.73435094266354,2.73435094266354,-3.731190367904444,0.9536075186567538,0.4978678372170742
25.4,0.7490164235662601,2.255378559751209,2.255378559751209,-5.724712165249034,0.9551008555846923,0.7490164235662601
25.5,0.94353772883631,1.614068165070121,1.614068165070121,-6.985993696500928,0.956570315040986,0.94353772883631
25.6,1.068705904666891,0.8784258544319366,0.8784258544319366,-7.64121866954167,0.958015860289225,1.068705904666891
25.7,1.117820640697263,0.1002256236955728,0.1002256236955728,-7.861212241171733,0.9594374551908534,1.117820640697263
25.8,1.088609287432763,-0.6822933075431519,-0.6822933075431519,-7.730656920323639,0.9608350642060727,1.088609287432763
25.9,0.9824213551113739,-1.432639046040462,-1.432639046040462,-7.198177887442286,0.9622086523947302,0.9824213551113739
26,0.8047177886028477,-2.10327469354918,-2.10327469354918,-6.105871266675693,0.963558185417193,0.8047177886028477
26.1,0.5665569930610994,-2.629846930091439,-2.629846930091439,-4.300439486153513,0.9648836295352056,0.5665569930610994
26.2,0.285982880210056,-2.939890178538101,-2.939890178538101,-1.801221422144497,0.966184951612734,0.285982880210056
26.3,-0.01226900197716031,-2.976847218530746,-2.976847218530746,1.08781800896293,0.9674621191167944,-0.01226900197716031
26.4,-0.2997382053738016,-2.726118131645268,-2.726118131645268,3.865314727930238,0.9687151001182652,-0.2997382053738016
26.5,-0.549027251732546,-2.222548653374382,-2.222548653374382,6.089367802350602,0.9699438632926872,-0.549027251732546
26.6,-0.7380512369276749,-1.533243165973037,-1.533243165973037,7.571782666037395,0.9711483779210446,-0.7380512369276749
26.7,-0.8519430530902219,-0.7315758396151947,-0.7315758396151947,8.35495563801341,0.9723286138905346,-0.8519430530902219
26.8,-0.8827705755209335,0.1182935012569301,0.1182935012569301,8.551721253615995,0.9734845416953194,-0.8827705755209335
26.9,-0.8285292953936386,0.9607594654879018,0.9607594654879018,8.20397821180309,0.9746161324372641,-0.8285292953936386
27,-0.6927586001442,1.738640956780704,1.738640956780704,7.241000686705544,0.9757233578266591,-0.6927586001442
27.1,-0.4851876949055822,2.384626760545285,2.384626760545285,5.551939056308034,0.9768061901829274,-0.4851876949055822
27.2,-0.2227076016235524,2.824775002073948,2.824775002073948,3.144610696149255,0.9778646024353163,-0.2227076016235524
27.3,0.07083081792027397,2.998181234597015,2.998181234597015,0.2846291098274602,0.9788985681235747,0.07083081792027397
27.4,0.3672434003637039,2.882818355898912,2.882818355898912,-2.542313657765567,0.9799080613986142,0.3672434003637039
27.5,0.638662695017478,2.506762577267319,2.506762577267319,-4.867066323594233,0.9808930570231557,0.638662695017478
27.6,0.8620288305132753,1.933939758220524,1.933939758220524,-6.465552052365165,0.9818535303723598,0.8620288305132753
27.7,1.021312391018922,1.236491368042819,1.236491368042819,-7.3831211413479,0.9827894574344426,1.021312391018922
27.8,1.10718794072714,0.4742645095518857,0.4742645095518857,-7.790801999642127,0.9837008148112766,1.10718794072714
27.9,1.115460468736426,-0.3093964363484285,-0.3093964363484285,-7.825904683571125,0.9845875797189746,1.115460468736426
28,1.045766185010387,-1.079146814054412,-1.079146814054412,-7.503229929348981,0.9854497299884603,1.045766185010387
28.1,0.9014313028432842,-1.794331910747566,-1.794331910747566,-6.706869940973257,0.9862872440660216,0.9014313028432842
28.2,0.6905717537181697,-2.398799899171358,-2.398799899171358,-5.261654480528135,0.9871001010138504,0.6905717537181697
28.3,0.4277192182626779,-2.821864034148446,-2.821864034148446,-3.081266046386326,0.9878882805105652,0.4277192182626779
28.4,0.1345446543416409,-2.995597014282898,-2.995597014282898,-0.327252753712189,0.9886517628517197,0.1345446543416409
28.5,-0.1617795659562668,-2.8824589753562,-2.8824589753562,2.569534213776588,0.9893905289502953,-0.1617795659562668
28.6,-0.4327189715341108,-2.494001689141923,-2.494001689141923,5.103836929962736,0.9901045603371779,-0.4327189715341108
28.7,-0.6532036331238764,-1.884870617770758,-1.884870617770758,6.952661006565242,0.9907938391616198,-0.6532036331238764
28.8,-0.804785402527385,-1.128320423625181,-1.128320423625181,8.061347654590799,0.9914583481916864,-0.804785402527385
28.9,-0.876286447536775,-0.293919520902133,-0.293919520902133,8.529783007587882,0.9920980708146868,-0.876286447536775
29,-0.8629448696978561,0.5593614791442673,0.5593614791442673,8.445964647215506,0.9927129910375885,-0.8629448696978561
29.1,-0.7656148539586241,1.376364416373619,1.376364416373619,7.791440939410023,0.9933030934874181,-0.7656148539586241
29.2,-0.5909360302035803,2.095035597808059,2.095035597808059,6.459397682566187,0.9938683634116449,-0.5909360302035803
29.3,-0.3522953558155765,2.643073206639739,2.643073206639739,4.379379667034151,0.9944087866785504,-0.3522953558155765
29.4,-0.07038548919235931,2.950095746244471,2.950095746244471,1.684836018804195,0.9949243497775809,-0.07038548919235931
29.5,0.2281887083406627,2.972759885161032,2.972759885161032,-1.223739951481916,0.9954150398196859,0.2281887083406627
29.6,0.5147810319593291,2.715481412738636,2.715481412738636,-3.834016453360559,0.99588084453764,0.5147810319593291
29.7,0.7635937672575128,2.228201501988057,2.228201501988057,-5.787507916650389,0.9963217522863495,0.7635937672575128
29.8,0.9551479955130421,1.582517090923367,1.582517090923367,-7.012138547205966,0.9967377520431434,0.9551479955130421
29.9,1.077078474874678,0.8456563414562496,0.8456563414562496,-7.641332000575858,0.9971288334080497,1.077078474874678
30,1.122946066882282,0.0683221858671844,0.0683221858671844,-7.845043635703104,0.9974949866040545,1.122946066882282
30.1,1.090645347549987,-0.7119859606791164,-0.7119859606791164,-7.70289994672791,0.997836202477347,1.090645347549987
30.2,0.9816463717446677,-1.458961060329443,-1.458961060329443,-7.158012105586526,0.9981524724975481,0.9816463717446677
30.3,0.8015369553795473,-2.124796124788361,-2.124796124788361,-6.049315764903899,0.9984437887579239,0.8015369553795473
30.4,0.5615381519745221,-2.644768739783392,-2.644768739783392,-4.225004750147066,0.998710143975583,0.5615381519745221
30.5,0.2798771526297993,-2.946457359367135,-2.946457359367135,-1.71093916113152,0.9989515314916588,0.2798771526297993
30.6,-0.01856880123795374,-2.974106589172087,-2.974106589172087,1.181317417460192,0.999167945271476,-0.01856880123795374
30.7,-0.3053089684003392,-2.714457958278517,-2.714457958278517,3.948126379096011,0.9993593799047014,-0.3053089684003392
30.8,-0.5530484721071772,-2.203546156845016,-2.203546156845016,6.152558863051405,0.9995258306054791,-0.5530484721071772
30.9,-0.7398921747044156,-1.50899716703427,-1.50899716703427,7.613650540789538,0.9996672932125502,-0.7398921747044156
31,-0.8511831824874915,-0.7041271472982454,-0.7041271472982454,8.377499815785672,0.999783764189357,-0.8511831824874915
31.1,-0.8791836728632231,0.1470774441280017,0.1470774441280017,8.555718709743458,0.999875240624131,-0.8791836728632231
31.2,-0.8220779897826608,0.9889046744869792,0.9889046744869792,8.18637394791361,0.9999417202299663,-0.8220779897826608
31.3,-0.6836239223455286,1.763706515429749,1.763706515429749,7.196045439400247,0.9999832013448761,-0.6836239223455286
31.4,-0.4738223646648139,2.403658601778655,2.403658601778655,5.476213095702114,0.9999996829318346,-0.4738223646648139
31.5,-0.2098643592587137,2.834877487093418,2.834877487093418,3.043681360437264,0.9999911645788031,-0.2098643592587137
31.6,0.0841569733772353,2.997597489088192,2.997597489088192,0.1753519066286545,0.9999576464987401,0.0841569733772353
31.7,0.3799780314400112,2.871789870782327,2.871789870782327,-2.638630536556865,0.9998991295295956,0.3799780314400112
31.8,0.6498549384644853,2.487404766239184,2.487404766239184,-4.935930092709913,0.9998156151342909,0.6498549384644853
31.9,0.8709918660759516,1.909211268938045,1.909211268938045,-6.504630372769443,0.9997071054006815,0.8709918660759516
32,1.027649869494435,1.20910205729791,1.20910205729791,-7.398637231514283,0.9995736030415051,1.027649869494435
32.1,1.110737968258168,0.4461656673559296,0.4461656673559296,-7.790605715294332,0.9994151113943138,1.110737968258168
32.2,1.116221145248755,-0.3368998632688839,-0.3368998632688839,-7.814539702390254,0.9992316344213905,1.116221145248755
32.3,1.043851608750569,-1.104955917024942,-1.104955917024942,-7.480226661247227,0.9990231767096499,1.043851608750569
32.4,0.8970753430300289,-1.817082267966209,-1.817082267966209,-6.667779860515657,0.998789743470524,0.8970753430300289
32.5,0.6841695634621507,-2.416624491114458,-2.416624491114458,-5.201679894467826,0.9985313405398316,0.6841695634621507
32.6,0.4198704511974233,-2.832625066750774,-2.832625066750774,-3.000721615804471,0.9982479743776325,0.4198704511974233
32.7,0.1260470705435363,-2.997621540225935,-2.997621540225935,-0.2353104284508276,0.9979396520680659,0.1260470705435363
32.8,-0.1700198161724277,-2.875354856761504,-2.875354856761504,2.657476819719002,0.9976063813191737,-0.1700198161724277
32.9,-0.4398339971497167,-2.478896273134364,-2.478896273134364,5.174240888002545,0.9972481704627071,-0.4398339971497167
33,-0.658494117372864,-1.863872962487751,-1.863872962487751,6.999864206027068,0.9968650284539189,-0.658494117372864
33.1,-0.8077779156898474,-1.103724280356635,-1.103724280356635,8.086666483147278,0.9964569648713393,-0.8077779156898474
33.2,-0.876724931941212,-0.2677449868552866,-0.2677449868552866,8.536461220841444,0.9960239899165367,-0.876724931941212
33.3,-0.8607617568261565,0.5853237756046137,0.5853237756046137,8.434875056140372,0.9955661144138625,-0.8607617568261565
33.4,-0.7609233344232015,1.400231028098002,1.400231028098002,7.759965344372726,0.9950833498101802,-0.7609233344232015
33.5,-0.584054107834828,2.114575664274258,2.114575664274258,6.403913043654722,0.9945757081745799,-0.584054107834828
33.6,-0.3437776028101326,2.655856349107765,2.655856349107765,4.300465020088601,0.994043202198076,-0.3437776028101326
33.7,-0.06101335718488725,2.954159943895532,2.954159943895532,1.59165559051517,0.9934858451932901,-0.06101335718488725
33.8,0.2374971701284463,2.967453533092578,2.967453533092578,-1.315102806295667,0.9929036510941185,0.2374971701284463
33.9,0.5231249515785919,2.701778424962106,2.701778424962106,-3.908677343997759,0.9922966344553832,0.5231249515785919
34,0.7702318870222498,2.208176355367017,2.208176355367017,-5.839054808444202,0.9916648104524686,0.7702318870222498
34.1,0.959562774930087,1.558423820349823,1.558423820349823,-7.042800392830441,0.9910081948809418,0.959562774930087
34.2,1.078958239163599,0.8193010173560542,0.8193010173560542,-7.656857765257451,0.990326804156158,1.078958239163599
34.3,1.12213208894544,0.04098666279447311,0.04098666279447311,-7.84945724952018,0.9896206553128498,1.12213208894544
34.4,1.087093902632013,-0.7392075277239398,-0.7392075277239398,-7.695698645230841,0.9888897660047015,1.087093902632013
34.5,0.9754339084536783,-1.484680687145847,-1.484680687145847,-7.134009295429025,0.9881341545039076,0.9754339084536783
34.6,0.7929097646305429,-2.146969325055021,-2.146969325055021,-6.001273351353054,0.9873538397007164,0.7929097646305429
34.7,0.5509800407483598,-2.660748204726754,-2.660748204726754,-4.149206751974566,0.9865488411029574,0.5509800407483598
34.8,0.2681412017182747,-2.953667685968939,-2.953667685968939,-1.613337524513211,0.9857191788355535,0.2681412017182747
34.9,-0.03052062451714555,-2.971125279145737,-2.971125279145737,1.284225718905508,0.9848648736400182,-0.03052062451714555
35,-0.3164642585748851,-2.701746059284575,-2.701746059284575,4.036939863802204,0.9839859468739369,-0.3164642585748851
35.1,-0.5625294492381004,-2.183214143866616,-2.183214143866616,6.21502603070199,0.9830824205104329,-0.5625294492381004
35.2,-0.7470754568039394,-1.483844771403353,-1.483844771403353,7.648010002194646,0.9821543171376185,-0.7470754568039394
35.3,-0.8557211629100523,-0.6767681052392433,-0.6767681052392433,8.388182910761953,0.9812016599580293,-0.8557211629100523
35.4,-0.8809656414214926,0.174519648924014,0.174519648924014,8.547205044749484,0.9802244727880455,-0.8809656414214926
35.5,-0.8211882254935654,1.014595561433954,1.014595561433954,8.159710610532445,0.9792227800572952,-0.8211882254935654
35.6,-0.6803309283289879,1.785743450178567,1.785743450178567,7.149180152063306,0.9781966068080447,-0.6803309283289879
35.7,-0.4685962641466623,2.41992123798587,2.41992123798587,5.407678591362329,0.9771459786945717,-0.4685962641466623
35.8,-0.2033871609541684,2.843341141443307,2.843341141443307,2.957571515063045,0.9760709219825242,-0.2033871609541684
35.9,0.09103393910830272,2.997026800386156,2.997026800386156,0.08316147754660364,0.9749714635482643,0.09103393910830272
36,0.3863451378144727,2.862301628246896,2.862301628246896,-2.722614012381885,0.9738476308781952,0.3863451378144727
36.1,0.6548803757302987,2.470357780209509,2.470357780209509,-5.002222029324265,0.9726994520680754,0.6548803757302987
36.2,0.8740137378528103,1.886505919396822,1.886505919396822,-6.55186934694941,0.9715269558223153,0.8740137378528103
36.3,1.028192377172529,1.182473841207217,1.182473841207217,-7.430630008169632,0.9703301714532601,1.028192377172529
36.4,1.108477930938666,0.4169341498455481,0.4169341498455481,-7.811045339715324,0.9691091288804563,1.108477930938666
36.5,1.110954363548605,-0.3676066125375416,-0.3676066125375416,-7.823099303075416,0.9678638586299051,1.110954363548605
36.6,1.035497350117076,-1.135705874789337,-1.135705874789337,-7.471145140203534,0.9665943918332975,1.035497350117076
36.7,0.8857327229648614,-1.84564362179085,-1.84564362179085,-6.631355317792361,0.9653007602272377,0.8857327229648614
36.8,0.6702102092790954,-2.43979940474185,-2.43979940474185,-5.129505762292297,0.9639829961524482,0.6702102092790954
36.9,0.4040155146217848,-2.846777844351656,-2.846777844351656,-2.893804526394822,0.9626411325529622,0.4040155146217848
37,0.1093524619122514,-2.999941364055383,-2.999941364055383,-0.1093357472303992,0.9612752029752999,0.1093524619122514
37.1,-0.1863161476535737,-2.865177095784665,-2.865177095784665,2.777090260325994,0.9598852415676296,-0.1863161476535737
37.2,-0.4545545489051415,-2.458032942851778,-2.458032942851778,5.265670865296421,0.9584712830789141,-0.4545545489051415
37.3,-0.6707316846328056,-1.835692722721103,-1.835692722721103,7.054530400231979,0.9570333628580421,-0.6707316846328056
37.4,-0.816982717046326,-1.07180732850025,-1.07180732850025,8.107886049892624,0.955571516852944,-0.816982717046326
37.5,-0.8826782081784212,-0.2350627089761344,-0.2350627089761344,8.531747060636754,0.9540857816096938,-0.8826782081784212
37.6,-0.8635062298475158,0.6164728286013014,0.6164728286013014,8.409407306231797,0.9525761942715953,-0.8635062298475158
37.7,-0.7607132106124087,1.427840219685951,1.427840219685951,7.714431834619329,0.9510427925782533,-0.7607132106124087
37.8,-0.5813463269062974,2.136556460540362,2.136556460540362,6.336643111898021,0.9494856148646305,-0.5813463269062974
37.9,-0.3392443090660676,2.670038054417924,2.670038054417924,4.212423190881131,0.9479047000600882,-0.3392443090660676
38,-0.05552829229033982,2.95879696313987,2.95879696313987,1.490752740949077,0.9463000876874145,-0.05552829229033982
38.1,0.2429366894201266,2.96192003501705,2.96192003501705,-1.415164053142593,0.9446718178618349,0.2429366894201266
38.2,0.5275291186346254,2.686829922957602,2.686829922957602,-3.995333149096715,0.9430199312900105,0.5275291186346254
38.3,0.7727384793670862,2.185488178215165,2.185488178215165,-5.907002889681684,0.9413444692690194,0.7727384793670862
38.4,0.9594906953910345,1.529822151639429,1.529822151639429,-7.093757303790985,0.9396454736853249,0.9594906953910345
38.5,1.075794561997856,0.7862906205287481,0.7862906205287481,-7.694561832405016,0.9379229870137281,1.075794561997856
38.6,1.115499180012947,0.004821646524979684,0.004821646524979684,-7.874482208094737,0.936177052316306,1.115499180012947
38.7,1.07674609688203,-0.7770383730146643,-0.7770383730146643,-7.702507422125627,0.9344077132413352,1.07674609688203
38.8,0.9613129391308538,-1.521817339822454,-1.521817339822454,-7.111034241314338,0.9326150140222005,0.9613129391308538
38.9,0.7752568512950497,-2.179751348381815,-2.179751348381815,-5.935215607913293,0.9307989994762888,0.7752568512950497
39,0.5304611343231773,-2.684465925696555,-2.684465925696555,-4.034224939048019,0.9289597150038692,0.5304611343231773
39.1,0.2458965813037474,-2.963834169484407,-2.963834169484407,-1.460912188613461,0.9270972065869579,0.2458965813037474
39.2,-0.05299170466224913,-2.965350760620819,-2.965350760620819,1.444816878064762,0.9252115207881682,-0.05299170466224913
39.3,-0.3375844222047315,-2.680923989503115,-2.680923989503115,4.17246126984013,0.9233027047495469,-0.3375844222047315
39.4,-0.5809604268025084,-2.151011928532974,-2.151011928532974,6.3053641182559,0.9213708061913954,-0.5809604268025084
39.5,-0.7619150644820706,-1.445005870033387,-1.445005870033387,7.691340185184453,0.9194158734110771,-0.7619150644820706
39.6,-0.8665281311748729,-0.6355876816251669,-0.6355876816251669,8.393497512531239,0.9174379552818097,-0.8665281311748729
39.7,-0.8876785405167996,0.2147497722512361,0.2147497722512361,8.524156490516404,0.9154371012514435,-0.8876785405167996
39.8,-0.8240336943192422,1.051319129944129,1.051319129944129,8.112891389182092,0.9134133613412252,-0.8240336943192422
39.9,-0.6797777564702291,1.816589047607038,1.816589047607038,7.078130928382215,0.9113667861445467,-0.6797777564702291
40,-0.465356006906839,2.442395595249452,2.442395595249452,5.311446437417734,0.9092974268256817,-0.465356006906839
40.1,-0.1984183435348153,2.855096325634079,2.855096325634079,2.840942276830712,0.9072053351185051,-0.1984183435348153
40.2,0.09657615919852509,2.996615212071073,2.996615212071073,-0.04084950010836275,0.9050905633252009,0.09657615919852509
40.3,0.3912344509212685,2.849802573142484,2.849802573142484,-2.837892958441522,0.9029531643149537,0.3912344509212685
40.4,0.6579730624934302,2.44724833007341,2.44724833007341,-5.098162373010378,0.9007931915226273,0.6579730624934302
40.5,0.8743514281871001,1.854866074143565,1.854866074143565,-6.626911138858124,0.8986106989474292,0.8743514281871001
40.6,1.025021340959382,1.14422561149842,1.14422561149842,-7.488449131529551,0.8964057411515598,1.025021340959382
40.7,1.10121779445382,0.3736467365060555,0.3736467365060555,-7.8539782596681,0.8941783732588495,1.10121779445382
40.8,1.099179060098553,-0.4143107284499291,-0.4143107284499291,-7.847159605334416,0.8919286509533796,1.099179060098553
40.9,1.018976403173369,-1.183400294603794,-1.183400294603794,-7.464263315315487,0.8896566304780904,1.018976403173369
41,0.8645498505758318,-1.890380860253443,-1.890380860253443,-6.576117038617048,0.8873623686333753,0.8645498505758318
41.1,0.6449298505484209,-2.475971487511974,-2.475971487511974,-5.01216083115016,0.8850459227756613,0.6449298505484209
41.2,0.3758087125896837,-2.868150271860519,-2.868150271860519,-2.717807138502975,0.8827073508159741,0.3758087125896837
41.3,0.07995497985924821,-3.001874712808824,-3.001874712808824,0.0968237992373322,0.8803467112184906,0.07995497985924821
41.4,-0.2148801410961503,-2.84680173493802,-2.84680173493802,2.969753575272539,0.8779640629990781,-0.2148801410961503
41.5,-0.480389064574051,-2.42264731866991,-2.42264731866991,5.408998249181249,0.8755594657238177,-0.480389064574051
41.6,-0.692413788524508,-1.789070848999027,-1.789070848999027,7.135807067282366,0.8731329795075165,-0.692413788524508
41.7,-0.8336931719947187,-1.019913834526729,-1.019913834526729,8.134192751547166,0.8706846650122029,-0.8336931719947187
41.8,-0.8941420294991404,-0.1827098211432361,-0.1827098211432361,8.516798054971295,0.8682145834456126,-0.8941420294991404
41.9,-0.8698646738008717,0.6657046609316316,0.6657046609316316,8.362933560634289,0.8657227965596552,-0.8698646738008717
42,-0.7624291745616065,1.470972709345184,1.470972709345184,7.638781775037665,0.8632093666488737,-0.7624291745616065
42.1,-0.5791781397791637,2.170590148633737,2.170590148633737,6.23004342431679,0.8606743565488848,-0.5791781397791637
42.2,-0.3342569350863791,2.691895232383593,2.691895232383593,4.076458248734403,0.8581178296348087,-0.3342569350863791
42.3,-0.04907195775037069,2.966016698562155,2.966016698562155,1.336742573812211,0.8555398498196858,-0.04907195775037069
42.4,0.2493385836073647,2.953634695369788,2.953634695369788,-1.567805045092059,0.8529404815528762,0.2493385836073647
42.5,0.5323652338091039,2.664119963103111,2.664119963103111,-4.128968060661714,0.850319789818452,0.5323652338091039
42.6,0.7746786195385144,2.150719533132935,2.150719533132935,-6.014284119135312,0.8476778401335696,0.7746786195385144
42.7,0.9574597463919909,1.485571824235586,1.485571824235586,-7.17693661953812,0.8450146985468339,0.9574597463919909
42.8,1.068956726390408,0.734729051052969,0.734729051052969,-7.758087994883534,0.8423304316366457,1.068956726390408
42.9,1.103219786907321,-0.05210711749676465,-0.05210711749676465,-7.917401089628917,0.8396251065095378,1.103219786907321
43,1.058604830675656,-0.8368298593152794,-0.8368298593152794,-7.714209162254547,0.8368987907984977,1.058604830675656
43.1,0.9372094694533335,-1.580421621003287,-1.580421621003287,-7.071817079261171,0.8341515526612759,0.9372094694533335
43.2,0.7456017173086197,-2.230974048612784,-2.230974048612784,-5.82385790677515,0.8313834607786831,0.7456017173086197
43.3,0.4963747986103063,-2.720532462757762,-2.720532462757762,-3.843329446393867,0.828594584352872,0.4963747986103063
43.4,0.2092699825390328,-2.97760188390965,-2.97760188390965,-1.212201939774112,0.8257849931056081,0.2092699825390328
43.5,-0.08971386083578986,-2.95335401018096,-2.95335401018096,1.701867624431474,0.8229547572765259,-0.08971386083578986
43.6,-0.3718771546688199,-2.645086576752747,-2.645086576752747,4.38471377802636,0.8201039476213742,-0.3718771546688199
43.7,-0.6107264786315763,-2.097568600595015,-2.097568600595015,6.442902366407463,0.8172326354102456,-0.6107264786315763
43.8,-0.785778717479279,-1.38165923361183,-1.38165923361183,7.753697709677565,0.814340892425796,-0.785778717479279
43.9,-0.8838520109850573,-0.5691293170840772,-0.5691293170840772,8.396397851411319,0.8114287909614493,-0.8838520109850573
44,-0.8984201809382546,0.2792092715004049,0.2792092715004049,8.48329007493118,0.8084964038195901,-0.8984201809382546
44.1,-0.8285958967126017,1.109839833771088,1.109839833771088,8.035347512351708,0.8055438043097448,-0.8285958967126017
44.2,-0.6789370961628691,1.86549780408626,1.86549780408626,6.962919330832312,0.802571066246747,-0.6789370961628691
44.3,-0.4602663341394021,2.477811054474018,2.477811054474018,5.157050189117239,0.7995782639488941,-0.4602663341394021
44.4,-0.19061725618785,2.873382476643164,2.873382476643164,2.6552171923827,0.7965654722360865,-0.19061725618785
44.5,0.105249112303112,2.995591191967614,2.995591191967614,-0.237055860520181,0.7935327664279611,0.105249112303112
44.6,0.398839025824356,2.829710033423823,2.829710033423823,-3.01922103556046,0.7904802223420048,0.398839025824356
44.7,0.6627098406122667,2.410510241881976,2.410510241881976,-5.248247079531426,0.7874079162916604,0.6627098406122667
44.8,0.8747211653668203,1.804822247604281,1.804822247604281,-6.743532177030528,0.7843159250844202,0.8747211653668203
44.9,1.019852619734607,1.083963850706736,1.083963850706736,-7.577218595817955,0.781204326019902,1.019852619734607
45,1.08962001470401,0.3057365931682191,0.3057365931682191,-7.918012219730941,0.7780731968879212,1.08962001470401
45.1,1.080517576880714,-0.4871494738887178,-0.4871494738887178,-7.879475446992019,0.7749226159665427,1.080517576880714
45.2,0.9929444209429016,-1.257122388511243,-1.257122388511243,-7.445475393745256,0.7717526620201257,0.9929444209429016
45.3,0.8313580992368804,-1.958555236693663,-1.958555236693663,-6.479527995881801,0.7685634142973536,0.8313580992368804
45.4,0.6055610624954734,-2.52971520341372,-2.52971520341372,-4.818727207664924,0.7653549525292536,0.6055610624954734
45.5,0.3321898169386272,-2.897941149846643,-2.897941149846643,-2.437050093762087,0.7621273569272024,0.3321898169386272
45.6,0.03485293542578934,-3.001084235361747,-3.001084235361747,0.4170426281267457,0.7588807081809218,0.03485293542578934
45.7,-0.2583213735910834,-2.814853274982217,-2.814853274982217,3.261657897904351,0.755615087456462,-0.2583213735910834
45.8,-0.5192946148023272,-2.365230017172729,-2.365230017172729,5.620718356323996,0.7523305763941707,-0.5192946148023272
45.9,-0.7246788664366816,-1.715277405489341,-1.715277405489341,7.252027601345606,0.7490272571066534,-0.7246788664366816
46,-0.8581434284016209,-0.9387823883529431,-0.9387823883529431,8.168245125962057,0.74570521217672,-0.8581434284016209
46.1,-0.9104185915324931,-0.101380430431312,-0.101380430431312,8.489915807473658,0.7423645246553212,-0.9104185915324931
46.2,-0.8782247380870079,0.741921802205731,0.741921802205731,8.288845580857103,0.7390052780594708,-0.8782247380870079
46.3,-0.7636121411058662,1.537547662255488,1.537547662255488,7.519587426902522,0.7356275563701589,-0.7636121411058662
46.4,-0.5743794929667058,2.222833729048312,2.222833729048312,6.062141404334656,0.7322314440302514,-0.5743794929667058
46.5,-0.3251538222767078,2.724970954990142,2.724970954990142,3.862666179797456,0.7288170259423801,-0.3251538222767078
46.6,-0.03778639887346807,2.976136123881434,2.976136123881434,1.095980755402925,0.7253843874668196,-0.03778639887346807
46.7,0.2604259386092037,2.939627972370611,2.939627972370611,-1.804064390448654,0.7219336144193524,0.2604259386092037
46.8,0.540915604595421,2.627931357281241,2.627931357281241,-4.332911178755477,0.7184647930691263,0.540915604595421
46.9,0.778661701290204,2.096289843443041,2.096289843443041,-6.174853538729423,0.7149780101364927,0.778661701290204
47,0.9552660411931868,1.417123028597507,1.417123028597507,-7.298071637931389,0.7114733527908443,0.9552660411931868
47.1,1.059368468581962,0.655824072546375,0.655824072546375,-7.846825946237924,0.7079509086484321,1.059368468581962
47.2,1.085350609970643,-0.1382592827263716,-0.1382592827263716,-7.972211135304091,0.7044107657701759,1.085350609970643
47.3,1.031920141269593,-0.9261568453285712,-0.9261568453285712,-7.718931990916194,0.700853012659464,1.031920141269593
47.4,0.9016867407554278,-1.666537474232945,-1.666537474232945,-6.997434043486535,0.6972777382599378,0.9016867407554278
47.5,0.7020101501786286,-2.304422954822783,-2.304422954822783,-5.64116006306392,0.6936850319532718,0.7020101501786286
47.6,0.4465473139310373,-2.769884734363775,-2.769884734363775,-3.546412624044141,0.6900749835569361,0.4465473139310373
47.7,0.1561438536026339,-2.992941091344836,-2.992941091344836,-0.8391067763252614,0.6864476833219532,0.1561438536026339
47.8,-0.1424722503909805,-2.930648571537134,-2.930648571537134,2.075732455780547,0.6828032219306397,-0.1424722503909805
47.9,-0.4205932262055245,-2.588191148782626,-2.588191148782626,4.684584796738611,0.6791416904943406,-0.4205932262055245
48,-0.6524329022642621,-2.016140985507847,-2.016140985507847,6.631324181740562,0.6754631805511506,-0.6524329022642621
48.1,-0.8185867994427681,-1.286912452341617,-1.286912452341617,7.834843242586175,0.6717677840636277,-0.8185867994427681
48.2,-0.9069289795745907,-0.4706354922283174,-0.4706354922283174,8.394560646088346,0.668055593416491,-0.9069289795745907
48.3,-0.9117660231766182,0.3743175308910178,0.3743175308910178,8.419979257729798,0.6643267014143134,-0.9117660231766182
48.4,-0.8328372496482154,1.195931386746935,1.195931386746935,7.918442889169181,0.6605812012792007,-0.8328372496482154
48.5,-0.6752464387099424,1.937095117526722,1.937095117526722,6.788949086397193,0.6568191866484611,-0.6752464387099424
48.6,-0.4503862114749453,2.529004833721673,2.529004833721673,4.923463877950797,0.6530407515722648,-0.4503862114749453
48.7,-0.1768726643162424,2.898699917516987,2.898699917516987,2.375334065541158,0.6492459905112914,-0.1768726643162424
48.8,0.1200878496182879,2.991940527163203,2.991940527163203,-0.5297973578407543,0.6454349983343707,0.1200878496182879
48.9,0.4118781536155645,2.797811910232313,2.797811910232313,-3.285640394534854,0.6416078703161074,0.4118781536155645
49,0.6713056196276496,2.354390812597095,2.354390812597095,-5.464141924264613,0.6377647021345037,0.6713056196276496
49.1,0.8767161954928914,1.729812428145227,1.729812428145227,-6.906476817967262,0.6339055898685634,0.8767161954928914
49.2,1.013609295103884,0.9949380748785929,0.9949380748785929,-7.696167305389283,0.6300306299958919,1.013609295103884
49.3,1.073944418360731,0.2067664039488704,0.2067664039488704,-7.997708320850862,0.6261399193902852,1.073944418360731
49.4,1.054621167959983,-0.5917752445827824,-0.5917752445827824,-7.909654063022019,0.6222335553193047,1.054621167959983
49.5,0.9565487901064943,-1.361197579885809,-1.361197579885809,-7.398492524477551,0.6183116354418493,0.9565487901064943
49.6,0.7849640896129287,-2.052556730437667,-2.052556730437667,-6.319331564993012,0.6143742578057114,0.7849640896129287
49.7,0.5507899747254516,-2.600996209810759,-2.600996209810759,-4.523745362740047,0.6104215208451272,0.5507899747254516
49.8,0.2719740218680405,-2.933651042424375,-2.933651042424375,-2.028840332551686,0.6064535233783147,0.2719740218680405
49.9,-0.02678789163350199,-2.993202700981652,-2.993202700981652,0.865228153455093,0.6024703646050038,-0.02678789163350199
50,-0.3169856726272153,-2.764106466886641,-2.764106466886641,3.656286711928258,0.5984721441039566,-0.3169856726272153
50,-0.3169856726272153,-2.764106466886641,-2.764106466886641,3.656286711928258,0.5984721441039566,-0.3169856726272153
